id,name,model_id,group_id/id,operation,domain
access_decafirma_shipment_user,decafirma.shipment user,decafirma.shipment,base.group_user,r,
access_decafirma_shipment_system,decafirma.shipment system,decafirma.shipment,base.group_system,crud,
access_decafirma_document_user,decafirma.document user,decafirma.document,base.group_user,r,
access_decafirma_document_system,decafirma.document system,decafirma.document,base.group_system,crud,
access_decafirma_papel_user,decafirma.papel user,decafirma.papel,base.group_user,r,
access_decafirma_papel_system,decafirma.papel system,decafirma.papel,base.group_system,crud,
access_decafirma_wizard_user,decafirma.wizard user,decafirma.wizard,group_decafirma_user,crud,
rule_decafirma_shipment_company,DecaFirma: multiempresa,decafirma.shipment,,crud,"[('company_id', 'in', company_ids)]"
rule_decafirma_document_company,DecaFirma documentos: multiempresa,decafirma.document,,crud,"[('company_id', 'in', company_ids)]"
rule_decafirma_papel_company,DecaFirma papeles: multiempresa,decafirma.papel,,crud,"[('company_id', 'in', company_ids)]"
